C:\Users\caoba\Downloads\simulator-windows-64\IMG\center_2024_11_20_11_54_52_356.jpg, C:\Users\caoba\Downloads\simulator-windows-64\IMG\left_2024_11_20_11_54_52_356.jpg, C:\Users\caoba\Downloads\simulator-windows-64\IMG\right_2024_11_20_11_54_52_356.jpg, 0, 0, 0, 5.130516E-05
C:\Users\caoba\Downloads\simulator-windows-64\IMG\center_2024_11_20_11_54_52_456.jpg, C:\Users\caoba\Downloads\simulator-windows-64\IMG\left_2024_11_20_11_54_52_456.jpg, C:\Users\caoba\Downloads\simulator-windows-64\IMG\right_2024_11_20_11_54_52_456.jpg, 0, 0, 0, 4.659195E-05
C:\Users\caoba\Downloads\simulator-windows-64\IMG\center_2024_11_20_11_54_52_568.jpg, C:\Users\caoba\Downloads\simulator-windows-64\IMG\left_2024_11_20_11_54_52_568.jpg, C:\Users\caoba\Downloads\simulator-windows-64\IMG\right_2024_11_20_11_54_52_568.jpg, 0, 0, 0, 4.790939E-05
C:\Users\caoba\Downloads\simulator-windows-64\IMG\center_2024_11_20_11_54_52_680.jpg, C:\Users\caoba\Downloads\simulator-windows-64\IMG\left_2024_11_20_11_54_52_680.jpg, C:\Users\caoba\Downloads\simulator-windows-64\IMG\right_2024_11_20_11_54_52_680.jpg, 0, 0, 0, 4.426374E-05
C:\Users\caoba\Downloads\simulator-windows-64\IMG\center_2024_11_20_11_54_52_791.jpg, C:\Users\caoba\Downloads\simulator-windows-64\IMG\left_2024_11_20_11_54_52_791.jpg, C:\Users\caoba\Downloads\simulator-windows-64\IMG\right_2024_11_20_11_54_52_791.jpg, 0, 0, 0, 3.763411E-05
C:\Users\caoba\Downloads\simulator-windows-64\IMG\center_2024_11_20_11_54_52_906.jpg, C:\Users\caoba\Downloads\simulator-windows-64\IMG\left_2024_11_20_11_54_52_906.jpg, C:\Users\caoba\Downloads\simulator-windows-64\IMG\right_2024_11_20_11_54_52_906.jpg, 0, 0, 0, 3.976479E-05
C:\Users\caoba\Downloads\simulator-windows-64\IMG\center_2024_11_20_11_54_53_014.jpg, C:\Users\caoba\Downloads\simulator-windows-64\IMG\left_2024_11_20_11_54_53_014.jpg, C:\Users\caoba\Downloads\simulator-windows-64\IMG\right_2024_11_20_11_54_53_014.jpg, 0, 0, 0, 5.008863E-05
C:\Users\caoba\Downloads\simulator-windows-64\IMG\center_2024_11_20_11_54_53_127.jpg, C:\Users\caoba\Downloads\simulator-windows-64\IMG\left_2024_11_20_11_54_53_127.jpg, C:\Users\caoba\Downloads\simulator-windows-64\IMG\right_2024_11_20_11_54_53_127.jpg, 0, 0, 0, 4.474575E-05
C:\Users\caoba\Downloads\simulator-windows-64\IMG\center_2024_11_20_11_54_53_239.jpg, C:\Users\caoba\Downloads\simulator-windows-64\IMG\left_2024_11_20_11_54_53_239.jpg, C:\Users\caoba\Downloads\simulator-windows-64\IMG\right_2024_11_20_11_54_53_239.jpg, 0, 0, 0, 5.838378E-05
C:\Users\caoba\Downloads\simulator-windows-64\IMG\center_2024_11_20_11_54_53_339.jpg, C:\Users\caoba\Downloads\simulator-windows-64\IMG\left_2024_11_20_11_54_53_339.jpg, C:\Users\caoba\Downloads\simulator-windows-64\IMG\right_2024_11_20_11_54_53_339.jpg, 0, 0, 0, 4.161716E-05
C:\Users\caoba\Downloads\simulator-windows-64\IMG\center_2024_11_20_11_54_53_441.jpg, C:\Users\caoba\Downloads\simulator-windows-64\IMG\left_2024_11_20_11_54_53_441.jpg, C:\Users\caoba\Downloads\simulator-windows-64\IMG\right_2024_11_20_11_54_53_441.jpg, 0, 0, 0, 4.362205E-05
C:\Users\caoba\Downloads\simulator-windows-64\IMG\center_2024_11_20_11_54_53_559.jpg, C:\Users\caoba\Downloads\simulator-windows-64\IMG\left_2024_11_20_11_54_53_559.jpg, C:\Users\caoba\Downloads\simulator-windows-64\IMG\right_2024_11_20_11_54_53_559.jpg, 0, 0, 0, 5.506213E-05
C:\Users\caoba\Downloads\simulator-windows-64\IMG\center_2024_11_20_11_54_53_666.jpg, C:\Users\caoba\Downloads\simulator-windows-64\IMG\left_2024_11_20_11_54_53_666.jpg, C:\Users\caoba\Downloads\simulator-windows-64\IMG\right_2024_11_20_11_54_53_666.jpg, 0, 0, 0, 3.770303E-05
C:\Users\caoba\Downloads\simulator-windows-64\IMG\center_2024_11_20_11_54_53_784.jpg, C:\Users\caoba\Downloads\simulator-windows-64\IMG\left_2024_11_20_11_54_53_784.jpg, C:\Users\caoba\Downloads\simulator-windows-64\IMG\right_2024_11_20_11_54_53_784.jpg, 0, 0, 0, 3.914916E-05
C:\Users\caoba\Downloads\simulator-windows-64\IMG\center_2024_11_20_11_54_53_901.jpg, C:\Users\caoba\Downloads\simulator-windows-64\IMG\left_2024_11_20_11_54_53_901.jpg, C:\Users\caoba\Downloads\simulator-windows-64\IMG\right_2024_11_20_11_54_53_901.jpg, 0, 0, 0, 8.770967E-05
C:\Users\caoba\Downloads\simulator-windows-64\IMG\center_2024_11_20_11_54_54_013.jpg, C:\Users\caoba\Downloads\simulator-windows-64\IMG\left_2024_11_20_11_54_54_013.jpg, C:\Users\caoba\Downloads\simulator-windows-64\IMG\right_2024_11_20_11_54_54_013.jpg, 0, 0, 0, 4.21371E-05
C:\Users\caoba\Downloads\simulator-windows-64\IMG\center_2024_11_20_11_54_54_118.jpg, C:\Users\caoba\Downloads\simulator-windows-64\IMG\left_2024_11_20_11_54_54_118.jpg, C:\Users\caoba\Downloads\simulator-windows-64\IMG\right_2024_11_20_11_54_54_118.jpg, 0, 0, 0, 8.730655E-05
C:\Users\caoba\Downloads\simulator-windows-64\IMG\center_2024_11_20_11_54_54_222.jpg, C:\Users\caoba\Downloads\simulator-windows-64\IMG\left_2024_11_20_11_54_54_222.jpg, C:\Users\caoba\Downloads\simulator-windows-64\IMG\right_2024_11_20_11_54_54_222.jpg, 0, 0, 0, 4.28405E-05
C:\Users\caoba\Downloads\simulator-windows-64\IMG\center_2024_11_20_11_54_54_338.jpg, C:\Users\caoba\Downloads\simulator-windows-64\IMG\left_2024_11_20_11_54_54_338.jpg, C:\Users\caoba\Downloads\simulator-windows-64\IMG\right_2024_11_20_11_54_54_338.jpg, 0, 0, 0, 3.716796E-05
C:\Users\caoba\Downloads\simulator-windows-64\IMG\center_2024_11_20_11_54_54_453.jpg, C:\Users\caoba\Downloads\simulator-windows-64\IMG\left_2024_11_20_11_54_54_453.jpg, C:\Users\caoba\Downloads\simulator-windows-64\IMG\right_2024_11_20_11_54_54_453.jpg, 0, 0, 0, 9.130308E-05
C:\Users\caoba\Downloads\simulator-windows-64\IMG\center_2024_11_20_11_54_54_556.jpg, C:\Users\caoba\Downloads\simulator-windows-64\IMG\left_2024_11_20_11_54_54_556.jpg, C:\Users\caoba\Downloads\simulator-windows-64\IMG\right_2024_11_20_11_54_54_556.jpg, 0, 0, 0, 5.202037E-05
C:\Users\caoba\Downloads\simulator-windows-64\IMG\center_2024_11_20_11_54_54_663.jpg, C:\Users\caoba\Downloads\simulator-windows-64\IMG\left_2024_11_20_11_54_54_663.jpg, C:\Users\caoba\Downloads\simulator-windows-64\IMG\right_2024_11_20_11_54_54_663.jpg, 0, 0, 0, 6.228535E-05
C:\Users\caoba\Downloads\simulator-windows-64\IMG\center_2024_11_20_11_54_54_766.jpg, C:\Users\caoba\Downloads\simulator-windows-64\IMG\left_2024_11_20_11_54_54_766.jpg, C:\Users\caoba\Downloads\simulator-windows-64\IMG\right_2024_11_20_11_54_54_766.jpg, 0, 0, 0, 4.239529E-05
C:\Users\caoba\Downloads\simulator-windows-64\IMG\center_2024_11_20_11_54_54_871.jpg, C:\Users\caoba\Downloads\simulator-windows-64\IMG\left_2024_11_20_11_54_54_871.jpg, C:\Users\caoba\Downloads\simulator-windows-64\IMG\right_2024_11_20_11_54_54_871.jpg, 0, 0, 0, 4.824268E-05
C:\Users\caoba\Downloads\simulator-windows-64\IMG\center_2024_11_20_11_54_54_984.jpg, C:\Users\caoba\Downloads\simulator-windows-64\IMG\left_2024_11_20_11_54_54_984.jpg, C:\Users\caoba\Downloads\simulator-windows-64\IMG\right_2024_11_20_11_54_54_984.jpg, 0, 0, 0, 6.153325E-05
C:\Users\caoba\Downloads\simulator-windows-64\IMG\center_2024_11_20_11_54_55_098.jpg, C:\Users\caoba\Downloads\simulator-windows-64\IMG\left_2024_11_20_11_54_55_098.jpg, C:\Users\caoba\Downloads\simulator-windows-64\IMG\right_2024_11_20_11_54_55_098.jpg, 0, 0, 0, 7.956386E-05
C:\Users\caoba\Downloads\simulator-windows-64\IMG\center_2024_11_20_11_54_55_199.jpg, C:\Users\caoba\Downloads\simulator-windows-64\IMG\left_2024_11_20_11_54_55_199.jpg, C:\Users\caoba\Downloads\simulator-windows-64\IMG\right_2024_11_20_11_54_55_199.jpg, 0, 0, 0, 5.480657E-05
C:\Users\caoba\Downloads\simulator-windows-64\IMG\center_2024_11_20_11_54_55_311.jpg, C:\Users\caoba\Downloads\simulator-windows-64\IMG\left_2024_11_20_11_54_55_311.jpg, C:\Users\caoba\Downloads\simulator-windows-64\IMG\right_2024_11_20_11_54_55_311.jpg, 0, 0, 0, 6.396594E-05
C:\Users\caoba\Downloads\simulator-windows-64\IMG\center_2024_11_20_11_54_55_419.jpg, C:\Users\caoba\Downloads\simulator-windows-64\IMG\left_2024_11_20_11_54_55_419.jpg, C:\Users\caoba\Downloads\simulator-windows-64\IMG\right_2024_11_20_11_54_55_419.jpg, 0, 0, 0, 5.928089E-05
C:\Users\caoba\Downloads\simulator-windows-64\IMG\center_2024_11_20_11_54_55_538.jpg, C:\Users\caoba\Downloads\simulator-windows-64\IMG\left_2024_11_20_11_54_55_538.jpg, C:\Users\caoba\Downloads\simulator-windows-64\IMG\right_2024_11_20_11_54_55_538.jpg, 0, 0, 0, 3.825081E-05
C:\Users\caoba\Downloads\simulator-windows-64\IMG\center_2024_11_20_11_54_55_646.jpg, C:\Users\caoba\Downloads\simulator-windows-64\IMG\left_2024_11_20_11_54_55_646.jpg, C:\Users\caoba\Downloads\simulator-windows-64\IMG\right_2024_11_20_11_54_55_646.jpg, 0, 0, 0, 4.5492E-05
C:\Users\caoba\Downloads\simulator-windows-64\IMG\center_2024_11_20_11_54_55_761.jpg, C:\Users\caoba\Downloads\simulator-windows-64\IMG\left_2024_11_20_11_54_55_761.jpg, C:\Users\caoba\Downloads\simulator-windows-64\IMG\right_2024_11_20_11_54_55_761.jpg, 0, 0, 0, 6.635242E-05
C:\Users\caoba\Downloads\simulator-windows-64\IMG\center_2024_11_20_11_54_55_876.jpg, C:\Users\caoba\Downloads\simulator-windows-64\IMG\left_2024_11_20_11_54_55_876.jpg, C:\Users\caoba\Downloads\simulator-windows-64\IMG\right_2024_11_20_11_54_55_876.jpg, 0, 0, 0, 5.787564E-05
C:\Users\caoba\Downloads\simulator-windows-64\IMG\center_2024_11_20_11_54_55_981.jpg, C:\Users\caoba\Downloads\simulator-windows-64\IMG\left_2024_11_20_11_54_55_981.jpg, C:\Users\caoba\Downloads\simulator-windows-64\IMG\right_2024_11_20_11_54_55_981.jpg, 0, 0, 0, 5.672068E-05
C:\Users\caoba\Downloads\simulator-windows-64\IMG\center_2024_11_20_11_54_56_092.jpg, C:\Users\caoba\Downloads\simulator-windows-64\IMG\left_2024_11_20_11_54_56_092.jpg, C:\Users\caoba\Downloads\simulator-windows-64\IMG\right_2024_11_20_11_54_56_092.jpg, 0, 0, 0, 9.069965E-05
C:\Users\caoba\Downloads\simulator-windows-64\IMG\center_2024_11_20_11_54_56_201.jpg, C:\Users\caoba\Downloads\simulator-windows-64\IMG\left_2024_11_20_11_54_56_201.jpg, C:\Users\caoba\Downloads\simulator-windows-64\IMG\right_2024_11_20_11_54_56_201.jpg, 0, 0, 0, 4.909274E-05
C:\Users\caoba\Downloads\simulator-windows-64\IMG\center_2024_11_20_11_54_56_303.jpg, C:\Users\caoba\Downloads\simulator-windows-64\IMG\left_2024_11_20_11_54_56_303.jpg, C:\Users\caoba\Downloads\simulator-windows-64\IMG\right_2024_11_20_11_54_56_303.jpg, 0, 0, 0, 4.909187E-05
C:\Users\caoba\Downloads\simulator-windows-64\IMG\center_2024_11_20_11_54_56_405.jpg, C:\Users\caoba\Downloads\simulator-windows-64\IMG\left_2024_11_20_11_54_56_405.jpg, C:\Users\caoba\Downloads\simulator-windows-64\IMG\right_2024_11_20_11_54_56_405.jpg, 0, 0, 0, 4.398413E-05
C:\Users\caoba\Downloads\simulator-windows-64\IMG\center_2024_11_20_11_54_56_519.jpg, C:\Users\caoba\Downloads\simulator-windows-64\IMG\left_2024_11_20_11_54_56_519.jpg, C:\Users\caoba\Downloads\simulator-windows-64\IMG\right_2024_11_20_11_54_56_519.jpg, 0, 0, 0, 4.406594E-05
C:\Users\caoba\Downloads\simulator-windows-64\IMG\center_2024_11_20_11_54_56_626.jpg, C:\Users\caoba\Downloads\simulator-windows-64\IMG\left_2024_11_20_11_54_56_626.jpg, C:\Users\caoba\Downloads\simulator-windows-64\IMG\right_2024_11_20_11_54_56_626.jpg, 0, 0, 0, 3.976288E-05
C:\Users\caoba\Downloads\simulator-windows-64\IMG\center_2024_11_20_11_54_56_727.jpg, C:\Users\caoba\Downloads\simulator-windows-64\IMG\left_2024_11_20_11_54_56_727.jpg, C:\Users\caoba\Downloads\simulator-windows-64\IMG\right_2024_11_20_11_54_56_727.jpg, 0, 0, 0, 4.554745E-05
C:\Users\caoba\Downloads\simulator-windows-64\IMG\center_2024_11_20_11_54_56_840.jpg, C:\Users\caoba\Downloads\simulator-windows-64\IMG\left_2024_11_20_11_54_56_840.jpg, C:\Users\caoba\Downloads\simulator-windows-64\IMG\right_2024_11_20_11_54_56_840.jpg, 0, 0, 0, 5.210863E-05
C:\Users\caoba\Downloads\simulator-windows-64\IMG\center_2024_11_20_11_54_56_944.jpg, C:\Users\caoba\Downloads\simulator-windows-64\IMG\left_2024_11_20_11_54_56_944.jpg, C:\Users\caoba\Downloads\simulator-windows-64\IMG\right_2024_11_20_11_54_56_944.jpg, 0, 0, 0, 6.684307E-05
C:\Users\caoba\Downloads\simulator-windows-64\IMG\center_2024_11_20_11_54_57_053.jpg, C:\Users\caoba\Downloads\simulator-windows-64\IMG\left_2024_11_20_11_54_57_053.jpg, C:\Users\caoba\Downloads\simulator-windows-64\IMG\right_2024_11_20_11_54_57_053.jpg, 0, 0, 0, 4.282033E-05
C:\Users\caoba\Downloads\simulator-windows-64\IMG\center_2024_11_20_11_54_57_169.jpg, C:\Users\caoba\Downloads\simulator-windows-64\IMG\left_2024_11_20_11_54_57_169.jpg, C:\Users\caoba\Downloads\simulator-windows-64\IMG\right_2024_11_20_11_54_57_169.jpg, 0, 0, 0, 4.788406E-05
C:\Users\caoba\Downloads\simulator-windows-64\IMG\center_2024_11_20_11_54_57_269.jpg, C:\Users\caoba\Downloads\simulator-windows-64\IMG\left_2024_11_20_11_54_57_269.jpg, C:\Users\caoba\Downloads\simulator-windows-64\IMG\right_2024_11_20_11_54_57_269.jpg, 0, 0, 0, 5.579192E-05
C:\Users\caoba\Downloads\simulator-windows-64\IMG\center_2024_11_20_11_54_57_372.jpg, C:\Users\caoba\Downloads\simulator-windows-64\IMG\left_2024_11_20_11_54_57_372.jpg, C:\Users\caoba\Downloads\simulator-windows-64\IMG\right_2024_11_20_11_54_57_372.jpg, 0, 0, 0, 7.475851E-05
C:\Users\caoba\Downloads\simulator-windows-64\IMG\center_2024_11_20_11_54_57_473.jpg, C:\Users\caoba\Downloads\simulator-windows-64\IMG\left_2024_11_20_11_54_57_473.jpg, C:\Users\caoba\Downloads\simulator-windows-64\IMG\right_2024_11_20_11_54_57_473.jpg, 0, 0, 0, 4.122577E-05
C:\Users\caoba\Downloads\simulator-windows-64\IMG\center_2024_11_20_11_54_57_582.jpg, C:\Users\caoba\Downloads\simulator-windows-64\IMG\left_2024_11_20_11_54_57_582.jpg, C:\Users\caoba\Downloads\simulator-windows-64\IMG\right_2024_11_20_11_54_57_582.jpg, 0, 0, 0, 3.979682E-05
C:\Users\caoba\Downloads\simulator-windows-64\IMG\center_2024_11_20_11_54_57_688.jpg, C:\Users\caoba\Downloads\simulator-windows-64\IMG\left_2024_11_20_11_54_57_688.jpg, C:\Users\caoba\Downloads\simulator-windows-64\IMG\right_2024_11_20_11_54_57_688.jpg, 0, 0, 0, 6.108506E-05
C:\Users\caoba\Downloads\simulator-windows-64\IMG\center_2024_11_20_11_54_57_804.jpg, C:\Users\caoba\Downloads\simulator-windows-64\IMG\left_2024_11_20_11_54_57_804.jpg, C:\Users\caoba\Downloads\simulator-windows-64\IMG\right_2024_11_20_11_54_57_804.jpg, 0, 0, 0, 3.748849E-05
C:\Users\caoba\Downloads\simulator-windows-64\IMG\center_2024_11_20_11_54_57_910.jpg, C:\Users\caoba\Downloads\simulator-windows-64\IMG\left_2024_11_20_11_54_57_910.jpg, C:\Users\caoba\Downloads\simulator-windows-64\IMG\right_2024_11_20_11_54_57_910.jpg, 0, 0, 0, 4.742555E-05
C:\Users\caoba\Downloads\simulator-windows-64\IMG\center_2024_11_20_11_54_58_015.jpg, C:\Users\caoba\Downloads\simulator-windows-64\IMG\left_2024_11_20_11_54_58_015.jpg, C:\Users\caoba\Downloads\simulator-windows-64\IMG\right_2024_11_20_11_54_58_015.jpg, 0, 0, 0, 6.000319E-05
C:\Users\caoba\Downloads\simulator-windows-64\IMG\center_2024_11_20_11_54_58_115.jpg, C:\Users\caoba\Downloads\simulator-windows-64\IMG\left_2024_11_20_11_54_58_115.jpg, C:\Users\caoba\Downloads\simulator-windows-64\IMG\right_2024_11_20_11_54_58_115.jpg, 0, 0, 0, 7.089965E-05
C:\Users\caoba\Downloads\simulator-windows-64\IMG\center_2024_11_20_11_54_58_223.jpg, C:\Users\caoba\Downloads\simulator-windows-64\IMG\left_2024_11_20_11_54_58_223.jpg, C:\Users\caoba\Downloads\simulator-windows-64\IMG\right_2024_11_20_11_54_58_223.jpg, 0, 0, 0, 4.236465E-05
C:\Users\caoba\Downloads\simulator-windows-64\IMG\center_2024_11_20_11_54_58_339.jpg, C:\Users\caoba\Downloads\simulator-windows-64\IMG\left_2024_11_20_11_54_58_339.jpg, C:\Users\caoba\Downloads\simulator-windows-64\IMG\right_2024_11_20_11_54_58_339.jpg, 0, 0, 0, 3.947618E-05
C:\Users\caoba\Downloads\simulator-windows-64\IMG\center_2024_11_20_11_54_58_446.jpg, C:\Users\caoba\Downloads\simulator-windows-64\IMG\left_2024_11_20_11_54_58_446.jpg, C:\Users\caoba\Downloads\simulator-windows-64\IMG\right_2024_11_20_11_54_58_446.jpg, 0, 0, 0, 3.854674E-05
C:\Users\caoba\Downloads\simulator-windows-64\IMG\center_2024_11_20_11_54_58_564.jpg, C:\Users\caoba\Downloads\simulator-windows-64\IMG\left_2024_11_20_11_54_58_564.jpg, C:\Users\caoba\Downloads\simulator-windows-64\IMG\right_2024_11_20_11_54_58_564.jpg, 0, 0, 0, 3.840758E-05
C:\Users\caoba\Downloads\simulator-windows-64\IMG\center_2024_11_20_11_54_58_681.jpg, C:\Users\caoba\Downloads\simulator-windows-64\IMG\left_2024_11_20_11_54_58_681.jpg, C:\Users\caoba\Downloads\simulator-windows-64\IMG\right_2024_11_20_11_54_58_681.jpg, 0, 0, 0, 6.163153E-05
C:\Users\caoba\Downloads\simulator-windows-64\IMG\center_2024_11_20_11_54_58_795.jpg, C:\Users\caoba\Downloads\simulator-windows-64\IMG\left_2024_11_20_11_54_58_795.jpg, C:\Users\caoba\Downloads\simulator-windows-64\IMG\right_2024_11_20_11_54_58_795.jpg, 0, 0, 0, 3.880734E-05
C:\Users\caoba\Downloads\simulator-windows-64\IMG\center_2024_11_20_11_54_58_911.jpg, C:\Users\caoba\Downloads\simulator-windows-64\IMG\left_2024_11_20_11_54_58_911.jpg, C:\Users\caoba\Downloads\simulator-windows-64\IMG\right_2024_11_20_11_54_58_911.jpg, 0, 0, 0, 5.003025E-05
C:\Users\caoba\Downloads\simulator-windows-64\IMG\center_2024_11_20_11_54_59_014.jpg, C:\Users\caoba\Downloads\simulator-windows-64\IMG\left_2024_11_20_11_54_59_014.jpg, C:\Users\caoba\Downloads\simulator-windows-64\IMG\right_2024_11_20_11_54_59_014.jpg, 0, 0, 0, 5.196535E-05
C:\Users\caoba\Downloads\simulator-windows-64\IMG\center_2024_11_20_11_54_59_115.jpg, C:\Users\caoba\Downloads\simulator-windows-64\IMG\left_2024_11_20_11_54_59_115.jpg, C:\Users\caoba\Downloads\simulator-windows-64\IMG\right_2024_11_20_11_54_59_115.jpg, 0, 0, 0, 4.524018E-05
C:\Users\caoba\Downloads\simulator-windows-64\IMG\center_2024_11_20_11_54_59_229.jpg, C:\Users\caoba\Downloads\simulator-windows-64\IMG\left_2024_11_20_11_54_59_229.jpg, C:\Users\caoba\Downloads\simulator-windows-64\IMG\right_2024_11_20_11_54_59_229.jpg, 0, 0, 0, 4.340664E-05
C:\Users\caoba\Downloads\simulator-windows-64\IMG\center_2024_11_20_11_54_59_333.jpg, C:\Users\caoba\Downloads\simulator-windows-64\IMG\left_2024_11_20_11_54_59_333.jpg, C:\Users\caoba\Downloads\simulator-windows-64\IMG\right_2024_11_20_11_54_59_333.jpg, 0, 0, 0, 4.757034E-05
C:\Users\caoba\Downloads\simulator-windows-64\IMG\center_2024_11_20_11_54_59_448.jpg, C:\Users\caoba\Downloads\simulator-windows-64\IMG\left_2024_11_20_11_54_59_448.jpg, C:\Users\caoba\Downloads\simulator-windows-64\IMG\right_2024_11_20_11_54_59_448.jpg, 0, 0, 0, 5.152333E-05
C:\Users\caoba\Downloads\simulator-windows-64\IMG\center_2024_11_20_11_54_59_562.jpg, C:\Users\caoba\Downloads\simulator-windows-64\IMG\left_2024_11_20_11_54_59_562.jpg, C:\Users\caoba\Downloads\simulator-windows-64\IMG\right_2024_11_20_11_54_59_562.jpg, 0, 0, 0, 5.1625E-05
C:\Users\caoba\Downloads\simulator-windows-64\IMG\center_2024_11_20_11_54_59_664.jpg, C:\Users\caoba\Downloads\simulator-windows-64\IMG\left_2024_11_20_11_54_59_664.jpg, C:\Users\caoba\Downloads\simulator-windows-64\IMG\right_2024_11_20_11_54_59_664.jpg, 0, 0, 0, 7.505739E-05
C:\Users\caoba\Downloads\simulator-windows-64\IMG\center_2024_11_20_11_54_59_781.jpg, C:\Users\caoba\Downloads\simulator-windows-64\IMG\left_2024_11_20_11_54_59_781.jpg, C:\Users\caoba\Downloads\simulator-windows-64\IMG\right_2024_11_20_11_54_59_781.jpg, 0, 0, 0, 5.996826E-05
C:\Users\caoba\Downloads\simulator-windows-64\IMG\center_2024_11_20_11_54_59_899.jpg, C:\Users\caoba\Downloads\simulator-windows-64\IMG\left_2024_11_20_11_54_59_899.jpg, C:\Users\caoba\Downloads\simulator-windows-64\IMG\right_2024_11_20_11_54_59_899.jpg, 0, 0, 0, 5.87916E-05
C:\Users\caoba\Downloads\simulator-windows-64\IMG\center_2024_11_20_11_54_59_999.jpg, C:\Users\caoba\Downloads\simulator-windows-64\IMG\left_2024_11_20_11_54_59_999.jpg, C:\Users\caoba\Downloads\simulator-windows-64\IMG\right_2024_11_20_11_54_59_999.jpg, 0, 0, 0, 7.505867E-05
C:\Users\caoba\Downloads\simulator-windows-64\IMG\center_2024_11_20_11_55_00_102.jpg, C:\Users\caoba\Downloads\simulator-windows-64\IMG\left_2024_11_20_11_55_00_102.jpg, C:\Users\caoba\Downloads\simulator-windows-64\IMG\right_2024_11_20_11_55_00_102.jpg, 0, 0, 0, 5.968401E-05
C:\Users\caoba\Downloads\simulator-windows-64\IMG\center_2024_11_20_11_55_00_204.jpg, C:\Users\caoba\Downloads\simulator-windows-64\IMG\left_2024_11_20_11_55_00_204.jpg, C:\Users\caoba\Downloads\simulator-windows-64\IMG\right_2024_11_20_11_55_00_204.jpg, 0, 0, 0, 7.267582E-05
C:\Users\caoba\Downloads\simulator-windows-64\IMG\center_2024_11_20_11_55_00_320.jpg, C:\Users\caoba\Downloads\simulator-windows-64\IMG\left_2024_11_20_11_55_00_320.jpg, C:\Users\caoba\Downloads\simulator-windows-64\IMG\right_2024_11_20_11_55_00_320.jpg, 0, 0, 0, 4.093647E-05
C:\Users\caoba\Downloads\simulator-windows-64\IMG\center_2024_11_20_11_55_00_423.jpg, C:\Users\caoba\Downloads\simulator-windows-64\IMG\left_2024_11_20_11_55_00_423.jpg, C:\Users\caoba\Downloads\simulator-windows-64\IMG\right_2024_11_20_11_55_00_423.jpg, 0, 0, 0, 7.3093E-05
C:\Users\caoba\Downloads\simulator-windows-64\IMG\center_2024_11_20_11_55_00_525.jpg, C:\Users\caoba\Downloads\simulator-windows-64\IMG\left_2024_11_20_11_55_00_525.jpg, C:\Users\caoba\Downloads\simulator-windows-64\IMG\right_2024_11_20_11_55_00_525.jpg, 0, 0, 0, 6.527227E-05
C:\Users\caoba\Downloads\simulator-windows-64\IMG\center_2024_11_20_11_55_00_629.jpg, C:\Users\caoba\Downloads\simulator-windows-64\IMG\left_2024_11_20_11_55_00_629.jpg, C:\Users\caoba\Downloads\simulator-windows-64\IMG\right_2024_11_20_11_55_00_629.jpg, 0, 0, 0, 4.391138E-05
C:\Users\caoba\Downloads\simulator-windows-64\IMG\center_2024_11_20_11_55_00_748.jpg, C:\Users\caoba\Downloads\simulator-windows-64\IMG\left_2024_11_20_11_55_00_748.jpg, C:\Users\caoba\Downloads\simulator-windows-64\IMG\right_2024_11_20_11_55_00_748.jpg, 0, 0, 0, 3.85497E-05
C:\Users\caoba\Downloads\simulator-windows-64\IMG\center_2024_11_20_11_55_00_865.jpg, C:\Users\caoba\Downloads\simulator-windows-64\IMG\left_2024_11_20_11_55_00_865.jpg, C:\Users\caoba\Downloads\simulator-windows-64\IMG\right_2024_11_20_11_55_00_865.jpg, 0, 0, 0, 5.120581E-05
C:\Users\caoba\Downloads\simulator-windows-64\IMG\center_2024_11_20_11_55_00_976.jpg, C:\Users\caoba\Downloads\simulator-windows-64\IMG\left_2024_11_20_11_55_00_976.jpg, C:\Users\caoba\Downloads\simulator-windows-64\IMG\right_2024_11_20_11_55_00_976.jpg, 0, 0, 0, 4.282727E-05
C:\Users\caoba\Downloads\simulator-windows-64\IMG\center_2024_11_20_11_55_01_090.jpg, C:\Users\caoba\Downloads\simulator-windows-64\IMG\left_2024_11_20_11_55_01_090.jpg, C:\Users\caoba\Downloads\simulator-windows-64\IMG\right_2024_11_20_11_55_01_090.jpg, 0, 0, 0, 5.6874E-05
C:\Users\caoba\Downloads\simulator-windows-64\IMG\center_2024_11_20_11_55_01_191.jpg, C:\Users\caoba\Downloads\simulator-windows-64\IMG\left_2024_11_20_11_55_01_191.jpg, C:\Users\caoba\Downloads\simulator-windows-64\IMG\right_2024_11_20_11_55_01_191.jpg, 0, 0, 0, 7.067925E-05
C:\Users\caoba\Downloads\simulator-windows-64\IMG\center_2024_11_20_11_55_01_307.jpg, C:\Users\caoba\Downloads\simulator-windows-64\IMG\left_2024_11_20_11_55_01_307.jpg, C:\Users\caoba\Downloads\simulator-windows-64\IMG\right_2024_11_20_11_55_01_307.jpg, 0, 0, 0, 8.708289E-05
C:\Users\caoba\Downloads\simulator-windows-64\IMG\center_2024_11_20_11_55_01_408.jpg, C:\Users\caoba\Downloads\simulator-windows-64\IMG\left_2024_11_20_11_55_01_408.jpg, C:\Users\caoba\Downloads\simulator-windows-64\IMG\right_2024_11_20_11_55_01_408.jpg, 0, 0, 0, 8.857817E-05
C:\Users\caoba\Downloads\simulator-windows-64\IMG\center_2024_11_20_11_55_01_524.jpg, C:\Users\caoba\Downloads\simulator-windows-64\IMG\left_2024_11_20_11_55_01_524.jpg, C:\Users\caoba\Downloads\simulator-windows-64\IMG\right_2024_11_20_11_55_01_524.jpg, 0, 0, 0, 6.115498E-05
C:\Users\caoba\Downloads\simulator-windows-64\IMG\center_2024_11_20_11_55_01_640.jpg, C:\Users\caoba\Downloads\simulator-windows-64\IMG\left_2024_11_20_11_55_01_640.jpg, C:\Users\caoba\Downloads\simulator-windows-64\IMG\right_2024_11_20_11_55_01_640.jpg, 0, 0, 0, 3.871209E-05
C:\Users\caoba\Downloads\simulator-windows-64\IMG\center_2024_11_20_11_55_01_762.jpg, C:\Users\caoba\Downloads\simulator-windows-64\IMG\left_2024_11_20_11_55_01_762.jpg, C:\Users\caoba\Downloads\simulator-windows-64\IMG\right_2024_11_20_11_55_01_762.jpg, 0, 0, 0, 4.610365E-05
C:\Users\caoba\Downloads\simulator-windows-64\IMG\center_2024_11_20_11_55_31_418.jpg, C:\Users\caoba\Downloads\simulator-windows-64\IMG\left_2024_11_20_11_55_31_418.jpg, C:\Users\caoba\Downloads\simulator-windows-64\IMG\right_2024_11_20_11_55_31_418.jpg, 0, 0, 0, 7.886279E-05
C:\Users\caoba\Downloads\simulator-windows-64\IMG\center_2024_11_20_11_55_31_531.jpg, C:\Users\caoba\Downloads\simulator-windows-64\IMG\left_2024_11_20_11_55_31_531.jpg, C:\Users\caoba\Downloads\simulator-windows-64\IMG\right_2024_11_20_11_55_31_531.jpg, 0, 0, 0, 7.798028E-05
C:\Users\caoba\Downloads\simulator-windows-64\IMG\center_2024_11_20_11_55_31_635.jpg, C:\Users\caoba\Downloads\simulator-windows-64\IMG\left_2024_11_20_11_55_31_635.jpg, C:\Users\caoba\Downloads\simulator-windows-64\IMG\right_2024_11_20_11_55_31_635.jpg, 0, 0, 0, 7.788715E-05
C:\Users\caoba\Downloads\simulator-windows-64\IMG\center_2024_11_20_11_55_31_745.jpg, C:\Users\caoba\Downloads\simulator-windows-64\IMG\left_2024_11_20_11_55_31_745.jpg, C:\Users\caoba\Downloads\simulator-windows-64\IMG\right_2024_11_20_11_55_31_745.jpg, 0, 0, 0, 7.845505E-05
C:\Users\caoba\Downloads\simulator-windows-64\IMG\center_2024_11_20_11_55_31_847.jpg, C:\Users\caoba\Downloads\simulator-windows-64\IMG\left_2024_11_20_11_55_31_847.jpg, C:\Users\caoba\Downloads\simulator-windows-64\IMG\right_2024_11_20_11_55_31_847.jpg, 0, 0, 0, 7.958431E-05
C:\Users\caoba\Downloads\simulator-windows-64\IMG\center_2024_11_20_11_55_31_963.jpg, C:\Users\caoba\Downloads\simulator-windows-64\IMG\left_2024_11_20_11_55_31_963.jpg, C:\Users\caoba\Downloads\simulator-windows-64\IMG\right_2024_11_20_11_55_31_963.jpg, 0, 0, 0, 7.937705E-05
C:\Users\caoba\Downloads\simulator-windows-64\IMG\center_2024_11_20_11_55_32_076.jpg, C:\Users\caoba\Downloads\simulator-windows-64\IMG\left_2024_11_20_11_55_32_076.jpg, C:\Users\caoba\Downloads\simulator-windows-64\IMG\right_2024_11_20_11_55_32_076.jpg, 0, 0, 0, 7.853738E-05
C:\Users\caoba\Downloads\simulator-windows-64\IMG\center_2024_11_20_11_55_32_193.jpg, C:\Users\caoba\Downloads\simulator-windows-64\IMG\left_2024_11_20_11_55_32_193.jpg, C:\Users\caoba\Downloads\simulator-windows-64\IMG\right_2024_11_20_11_55_32_193.jpg, 0, 0, 0, 7.751224E-05
C:\Users\caoba\Downloads\simulator-windows-64\IMG\center_2024_11_20_11_55_32_303.jpg, C:\Users\caoba\Downloads\simulator-windows-64\IMG\left_2024_11_20_11_55_32_303.jpg, C:\Users\caoba\Downloads\simulator-windows-64\IMG\right_2024_11_20_11_55_32_303.jpg, 0, 0, 0, 8.032497E-05
C:\Users\caoba\Downloads\simulator-windows-64\IMG\center_2024_11_20_11_55_32_406.jpg, C:\Users\caoba\Downloads\simulator-windows-64\IMG\left_2024_11_20_11_55_32_406.jpg, C:\Users\caoba\Downloads\simulator-windows-64\IMG\right_2024_11_20_11_55_32_406.jpg, 0, 0, 0, 8.025127E-05
C:\Users\caoba\Downloads\simulator-windows-64\IMG\center_2024_11_20_11_55_32_507.jpg, C:\Users\caoba\Downloads\simulator-windows-64\IMG\left_2024_11_20_11_55_32_507.jpg, C:\Users\caoba\Downloads\simulator-windows-64\IMG\right_2024_11_20_11_55_32_507.jpg, 0, 0, 0, 7.782597E-05
C:\Users\caoba\Downloads\simulator-windows-64\IMG\center_2024_11_20_11_55_32_611.jpg, C:\Users\caoba\Downloads\simulator-windows-64\IMG\left_2024_11_20_11_55_32_611.jpg, C:\Users\caoba\Downloads\simulator-windows-64\IMG\right_2024_11_20_11_55_32_611.jpg, 0, 0, 0, 7.766535E-05
C:\Users\caoba\Downloads\simulator-windows-64\IMG\center_2024_11_20_11_55_32_730.jpg, C:\Users\caoba\Downloads\simulator-windows-64\IMG\left_2024_11_20_11_55_32_730.jpg, C:\Users\caoba\Downloads\simulator-windows-64\IMG\right_2024_11_20_11_55_32_730.jpg, 0, 0, 0, 7.799019E-05
C:\Users\caoba\Downloads\simulator-windows-64\IMG\center_2024_11_20_11_55_32_833.jpg, C:\Users\caoba\Downloads\simulator-windows-64\IMG\left_2024_11_20_11_55_32_833.jpg, C:\Users\caoba\Downloads\simulator-windows-64\IMG\right_2024_11_20_11_55_32_833.jpg, 0, 0, 0, 7.851851E-05
C:\Users\caoba\Downloads\simulator-windows-64\IMG\center_2024_11_20_11_55_32_948.jpg, C:\Users\caoba\Downloads\simulator-windows-64\IMG\left_2024_11_20_11_55_32_948.jpg, C:\Users\caoba\Downloads\simulator-windows-64\IMG\right_2024_11_20_11_55_32_948.jpg, 0, 0, 0, 7.777298E-05
C:\Users\caoba\Downloads\simulator-windows-64\IMG\center_2024_11_20_11_55_33_065.jpg, C:\Users\caoba\Downloads\simulator-windows-64\IMG\left_2024_11_20_11_55_33_065.jpg, C:\Users\caoba\Downloads\simulator-windows-64\IMG\right_2024_11_20_11_55_33_065.jpg, 0, 0, 0, 7.892602E-05
C:\Users\caoba\Downloads\simulator-windows-64\IMG\center_2024_11_20_11_55_33_173.jpg, C:\Users\caoba\Downloads\simulator-windows-64\IMG\left_2024_11_20_11_55_33_173.jpg, C:\Users\caoba\Downloads\simulator-windows-64\IMG\right_2024_11_20_11_55_33_173.jpg, 0, 0, 0, 7.820074E-05
C:\Users\caoba\Downloads\simulator-windows-64\IMG\center_2024_11_20_11_55_33_287.jpg, C:\Users\caoba\Downloads\simulator-windows-64\IMG\left_2024_11_20_11_55_33_287.jpg, C:\Users\caoba\Downloads\simulator-windows-64\IMG\right_2024_11_20_11_55_33_287.jpg, 0, 0, 0, 8.049948E-05
C:\Users\caoba\Downloads\simulator-windows-64\IMG\center_2024_11_20_11_55_33_389.jpg, C:\Users\caoba\Downloads\simulator-windows-64\IMG\left_2024_11_20_11_55_33_389.jpg, C:\Users\caoba\Downloads\simulator-windows-64\IMG\right_2024_11_20_11_55_33_389.jpg, 0, 0, 0, 7.833893E-05
C:\Users\caoba\Downloads\simulator-windows-64\IMG\center_2024_11_20_11_55_33_489.jpg, C:\Users\caoba\Downloads\simulator-windows-64\IMG\left_2024_11_20_11_55_33_489.jpg, C:\Users\caoba\Downloads\simulator-windows-64\IMG\right_2024_11_20_11_55_33_489.jpg, 0, 0, 0, 7.785987E-05
C:\Users\caoba\Downloads\simulator-windows-64\IMG\center_2024_11_20_11_55_33_680.jpg, C:\Users\caoba\Downloads\simulator-windows-64\IMG\left_2024_11_20_11_55_33_680.jpg, C:\Users\caoba\Downloads\simulator-windows-64\IMG\right_2024_11_20_11_55_33_680.jpg, 0, 0, 0, 8.10659E-05
C:\Users\caoba\Downloads\simulator-windows-64\IMG\center_2024_11_20_11_55_33_781.jpg, C:\Users\caoba\Downloads\simulator-windows-64\IMG\left_2024_11_20_11_55_33_781.jpg, C:\Users\caoba\Downloads\simulator-windows-64\IMG\right_2024_11_20_11_55_33_781.jpg, 0, 0, 0, 7.876154E-05
C:\Users\caoba\Downloads\simulator-windows-64\IMG\center_2024_11_20_11_55_33_884.jpg, C:\Users\caoba\Downloads\simulator-windows-64\IMG\left_2024_11_20_11_55_33_884.jpg, C:\Users\caoba\Downloads\simulator-windows-64\IMG\right_2024_11_20_11_55_33_884.jpg, 0, 0, 0, 7.955599E-05
C:\Users\caoba\Downloads\simulator-windows-64\IMG\center_2024_11_20_11_55_33_993.jpg, C:\Users\caoba\Downloads\simulator-windows-64\IMG\left_2024_11_20_11_55_33_993.jpg, C:\Users\caoba\Downloads\simulator-windows-64\IMG\right_2024_11_20_11_55_33_993.jpg, 0, 0, 0, 8.023857E-05
C:\Users\caoba\Downloads\simulator-windows-64\IMG\center_2024_11_20_11_55_34_107.jpg, C:\Users\caoba\Downloads\simulator-windows-64\IMG\left_2024_11_20_11_55_34_107.jpg, C:\Users\caoba\Downloads\simulator-windows-64\IMG\right_2024_11_20_11_55_34_107.jpg, 0, 0, 0, 7.885549E-05
C:\Users\caoba\Downloads\simulator-windows-64\IMG\center_2024_11_20_11_57_42_354.jpg, C:\Users\caoba\Downloads\simulator-windows-64\IMG\left_2024_11_20_11_57_42_354.jpg, C:\Users\caoba\Downloads\simulator-windows-64\IMG\right_2024_11_20_11_57_42_354.jpg, 0, 0, 0, 8.056153E-05
C:\Users\caoba\Downloads\simulator-windows-64\IMG\center_2024_11_20_11_57_42_472.jpg, C:\Users\caoba\Downloads\simulator-windows-64\IMG\left_2024_11_20_11_57_42_472.jpg, C:\Users\caoba\Downloads\simulator-windows-64\IMG\right_2024_11_20_11_57_42_472.jpg, 0, 0, 0, 7.802064E-05
C:\Users\caoba\Downloads\simulator-windows-64\IMG\center_2024_11_20_11_57_42_593.jpg, C:\Users\caoba\Downloads\simulator-windows-64\IMG\left_2024_11_20_11_57_42_593.jpg, C:\Users\caoba\Downloads\simulator-windows-64\IMG\right_2024_11_20_11_57_42_593.jpg, 0, 0, 0, 7.842433E-05
C:\Users\caoba\Downloads\simulator-windows-64\IMG\center_2024_11_20_11_57_42_704.jpg, C:\Users\caoba\Downloads\simulator-windows-64\IMG\left_2024_11_20_11_57_42_704.jpg, C:\Users\caoba\Downloads\simulator-windows-64\IMG\right_2024_11_20_11_57_42_704.jpg, 0, 0, 0, 7.85813E-05
C:\Users\caoba\Downloads\simulator-windows-64\IMG\center_2024_11_20_11_57_42_814.jpg, C:\Users\caoba\Downloads\simulator-windows-64\IMG\left_2024_11_20_11_57_42_814.jpg, C:\Users\caoba\Downloads\simulator-windows-64\IMG\right_2024_11_20_11_57_42_814.jpg, 0, 0, 0, 7.904153E-05
C:\Users\caoba\Downloads\simulator-windows-64\IMG\center_2024_11_20_11_57_42_930.jpg, C:\Users\caoba\Downloads\simulator-windows-64\IMG\left_2024_11_20_11_57_42_930.jpg, C:\Users\caoba\Downloads\simulator-windows-64\IMG\right_2024_11_20_11_57_42_930.jpg, 0, 0, 0, 7.947123E-05
C:\Users\caoba\Downloads\simulator-windows-64\IMG\center_2024_11_20_11_57_43_040.jpg, C:\Users\caoba\Downloads\simulator-windows-64\IMG\left_2024_11_20_11_57_43_040.jpg, C:\Users\caoba\Downloads\simulator-windows-64\IMG\right_2024_11_20_11_57_43_040.jpg, 0, 0, 0, 7.807421E-05
C:\Users\caoba\Downloads\simulator-windows-64\IMG\center_2024_11_20_11_57_43_156.jpg, C:\Users\caoba\Downloads\simulator-windows-64\IMG\left_2024_11_20_11_57_43_156.jpg, C:\Users\caoba\Downloads\simulator-windows-64\IMG\right_2024_11_20_11_57_43_156.jpg, 0, 0, 0, 7.850552E-05
C:\Users\caoba\Downloads\simulator-windows-64\IMG\center_2024_11_20_11_57_43_257.jpg, C:\Users\caoba\Downloads\simulator-windows-64\IMG\left_2024_11_20_11_57_43_257.jpg, C:\Users\caoba\Downloads\simulator-windows-64\IMG\right_2024_11_20_11_57_43_257.jpg, 0, 0, 0, 7.790601E-05
C:\Users\caoba\Downloads\simulator-windows-64\IMG\center_2024_11_20_11_57_43_360.jpg, C:\Users\caoba\Downloads\simulator-windows-64\IMG\left_2024_11_20_11_57_43_360.jpg, C:\Users\caoba\Downloads\simulator-windows-64\IMG\right_2024_11_20_11_57_43_360.jpg, 0, 0, 0, 7.795703E-05
C:\Users\caoba\Downloads\simulator-windows-64\IMG\center_2024_11_20_11_57_43_474.jpg, C:\Users\caoba\Downloads\simulator-windows-64\IMG\left_2024_11_20_11_57_43_474.jpg, C:\Users\caoba\Downloads\simulator-windows-64\IMG\right_2024_11_20_11_57_43_474.jpg, 0, 0, 0, 7.936582E-05
C:\Users\caoba\Downloads\simulator-windows-64\IMG\center_2024_11_20_11_57_43_593.jpg, C:\Users\caoba\Downloads\simulator-windows-64\IMG\left_2024_11_20_11_57_43_593.jpg, C:\Users\caoba\Downloads\simulator-windows-64\IMG\right_2024_11_20_11_57_43_593.jpg, 0, 0, 0, 7.816944E-05
C:\Users\caoba\Downloads\simulator-windows-64\IMG\center_2024_11_20_11_57_43_694.jpg, C:\Users\caoba\Downloads\simulator-windows-64\IMG\left_2024_11_20_11_57_43_694.jpg, C:\Users\caoba\Downloads\simulator-windows-64\IMG\right_2024_11_20_11_57_43_694.jpg, 0, 0, 0, 7.815788E-05
C:\Users\caoba\Downloads\simulator-windows-64\IMG\center_2024_11_20_11_57_43_815.jpg, C:\Users\caoba\Downloads\simulator-windows-64\IMG\left_2024_11_20_11_57_43_815.jpg, C:\Users\caoba\Downloads\simulator-windows-64\IMG\right_2024_11_20_11_57_43_815.jpg, 0, 0, 0, 7.783783E-05
C:\Users\caoba\Downloads\simulator-windows-64\IMG\center_2024_11_20_11_57_43_931.jpg, C:\Users\caoba\Downloads\simulator-windows-64\IMG\left_2024_11_20_11_57_43_931.jpg, C:\Users\caoba\Downloads\simulator-windows-64\IMG\right_2024_11_20_11_57_43_931.jpg, 0, 0, 0, 7.858614E-05
C:\Users\caoba\Downloads\simulator-windows-64\IMG\center_2024_11_20_11_57_44_041.jpg, C:\Users\caoba\Downloads\simulator-windows-64\IMG\left_2024_11_20_11_57_44_041.jpg, C:\Users\caoba\Downloads\simulator-windows-64\IMG\right_2024_11_20_11_57_44_041.jpg, 0, 0, 0, 7.793784E-05
C:\Users\caoba\Downloads\simulator-windows-64\IMG\center_2024_11_20_11_57_44_155.jpg, C:\Users\caoba\Downloads\simulator-windows-64\IMG\left_2024_11_20_11_57_44_155.jpg, C:\Users\caoba\Downloads\simulator-windows-64\IMG\right_2024_11_20_11_57_44_155.jpg, 0, 0, 0, 7.889536E-05
C:\Users\caoba\Downloads\simulator-windows-64\IMG\center_2024_11_20_11_57_44_269.jpg, C:\Users\caoba\Downloads\simulator-windows-64\IMG\left_2024_11_20_11_57_44_269.jpg, C:\Users\caoba\Downloads\simulator-windows-64\IMG\right_2024_11_20_11_57_44_269.jpg, 0, 0, 0, 7.780996E-05
C:\Users\caoba\Downloads\simulator-windows-64\IMG\center_2024_11_20_11_57_44_377.jpg, C:\Users\caoba\Downloads\simulator-windows-64\IMG\left_2024_11_20_11_57_44_377.jpg, C:\Users\caoba\Downloads\simulator-windows-64\IMG\right_2024_11_20_11_57_44_377.jpg, 0, 0, 0, 7.833693E-05
C:\Users\caoba\Downloads\simulator-windows-64\IMG\center_2024_11_20_11_57_44_489.jpg, C:\Users\caoba\Downloads\simulator-windows-64\IMG\left_2024_11_20_11_57_44_489.jpg, C:\Users\caoba\Downloads\simulator-windows-64\IMG\right_2024_11_20_11_57_44_489.jpg, 0, 0, 0, 7.961504E-05
C:\Users\caoba\Downloads\simulator-windows-64\IMG\center_2024_11_20_11_57_44_601.jpg, C:\Users\caoba\Downloads\simulator-windows-64\IMG\left_2024_11_20_11_57_44_601.jpg, C:\Users\caoba\Downloads\simulator-windows-64\IMG\right_2024_11_20_11_57_44_601.jpg, 0, 0, 0, 7.889327E-05
C:\Users\caoba\Downloads\simulator-windows-64\IMG\center_2024_11_20_11_57_44_713.jpg, C:\Users\caoba\Downloads\simulator-windows-64\IMG\left_2024_11_20_11_57_44_713.jpg, C:\Users\caoba\Downloads\simulator-windows-64\IMG\right_2024_11_20_11_57_44_713.jpg, 0, 0, 0, 8.28128E-05
C:\Users\caoba\Downloads\simulator-windows-64\IMG\center_2024_11_20_11_57_44_826.jpg, C:\Users\caoba\Downloads\simulator-windows-64\IMG\left_2024_11_20_11_57_44_826.jpg, C:\Users\caoba\Downloads\simulator-windows-64\IMG\right_2024_11_20_11_57_44_826.jpg, 0, 0, 0, 7.944967E-05
C:\Users\caoba\Downloads\simulator-windows-64\IMG\center_2024_11_20_11_57_44_936.jpg, C:\Users\caoba\Downloads\simulator-windows-64\IMG\left_2024_11_20_11_57_44_936.jpg, C:\Users\caoba\Downloads\simulator-windows-64\IMG\right_2024_11_20_11_57_44_936.jpg, 0, 0, 0, 7.808849E-05
C:\Users\caoba\Downloads\simulator-windows-64\IMG\center_2024_11_20_11_57_45_053.jpg, C:\Users\caoba\Downloads\simulator-windows-64\IMG\left_2024_11_20_11_57_45_053.jpg, C:\Users\caoba\Downloads\simulator-windows-64\IMG\right_2024_11_20_11_57_45_053.jpg, 0, 0, 0, 7.80885E-05
C:\Users\caoba\Downloads\simulator-windows-64\IMG\center_2024_11_20_11_57_45_166.jpg, C:\Users\caoba\Downloads\simulator-windows-64\IMG\left_2024_11_20_11_57_45_166.jpg, C:\Users\caoba\Downloads\simulator-windows-64\IMG\right_2024_11_20_11_57_45_166.jpg, 0, 0, 0, 7.797523E-05
C:\Users\caoba\Downloads\simulator-windows-64\IMG\center_2024_11_20_11_57_45_273.jpg, C:\Users\caoba\Downloads\simulator-windows-64\IMG\left_2024_11_20_11_57_45_273.jpg, C:\Users\caoba\Downloads\simulator-windows-64\IMG\right_2024_11_20_11_57_45_273.jpg, 0, 0, 0, 7.833329E-05
C:\Users\caoba\Downloads\simulator-windows-64\IMG\center_2024_11_20_11_57_45_376.jpg, C:\Users\caoba\Downloads\simulator-windows-64\IMG\left_2024_11_20_11_57_45_376.jpg, C:\Users\caoba\Downloads\simulator-windows-64\IMG\right_2024_11_20_11_57_45_376.jpg, 0, 0, 0, 7.902341E-05
C:\Users\caoba\Downloads\simulator-windows-64\IMG\center_2024_11_20_11_57_45_477.jpg, C:\Users\caoba\Downloads\simulator-windows-64\IMG\left_2024_11_20_11_57_45_477.jpg, C:\Users\caoba\Downloads\simulator-windows-64\IMG\right_2024_11_20_11_57_45_477.jpg, 0, 0, 0, 7.829595E-05
C:\Users\caoba\Downloads\simulator-windows-64\IMG\center_2024_11_20_11_57_45_582.jpg, C:\Users\caoba\Downloads\simulator-windows-64\IMG\left_2024_11_20_11_57_45_582.jpg, C:\Users\caoba\Downloads\simulator-windows-64\IMG\right_2024_11_20_11_57_45_582.jpg, 0, 0, 0, 7.761876E-05
C:\Users\caoba\Downloads\simulator-windows-64\IMG\center_2024_11_20_11_57_45_687.jpg, C:\Users\caoba\Downloads\simulator-windows-64\IMG\left_2024_11_20_11_57_45_687.jpg, C:\Users\caoba\Downloads\simulator-windows-64\IMG\right_2024_11_20_11_57_45_687.jpg, 0, 0, 0, 7.811749E-05
C:\Users\caoba\Downloads\simulator-windows-64\IMG\center_2024_11_20_11_57_45_794.jpg, C:\Users\caoba\Downloads\simulator-windows-64\IMG\left_2024_11_20_11_57_45_794.jpg, C:\Users\caoba\Downloads\simulator-windows-64\IMG\right_2024_11_20_11_57_45_794.jpg, 0, 0, 0, 7.808562E-05
C:\Users\caoba\Downloads\simulator-windows-64\IMG\center_2024_11_20_11_57_45_913.jpg, C:\Users\caoba\Downloads\simulator-windows-64\IMG\left_2024_11_20_11_57_45_913.jpg, C:\Users\caoba\Downloads\simulator-windows-64\IMG\right_2024_11_20_11_57_45_913.jpg, 0, 0, 0, 8.063899E-05
C:\Users\caoba\Downloads\simulator-windows-64\IMG\center_2024_11_20_11_57_46_029.jpg, C:\Users\caoba\Downloads\simulator-windows-64\IMG\left_2024_11_20_11_57_46_029.jpg, C:\Users\caoba\Downloads\simulator-windows-64\IMG\right_2024_11_20_11_57_46_029.jpg, 0, 0, 0, 7.820327E-05
C:\Users\caoba\Downloads\simulator-windows-64\IMG\center_2024_11_20_11_57_46_139.jpg, C:\Users\caoba\Downloads\simulator-windows-64\IMG\left_2024_11_20_11_57_46_139.jpg, C:\Users\caoba\Downloads\simulator-windows-64\IMG\right_2024_11_20_11_57_46_139.jpg, 0, 0, 0, 7.822457E-05
C:\Users\caoba\Downloads\simulator-windows-64\IMG\center_2024_11_20_11_57_46_248.jpg, C:\Users\caoba\Downloads\simulator-windows-64\IMG\left_2024_11_20_11_57_46_248.jpg, C:\Users\caoba\Downloads\simulator-windows-64\IMG\right_2024_11_20_11_57_46_248.jpg, 0, 0, 0, 8.086927E-05
C:\Users\caoba\Downloads\simulator-windows-64\IMG\center_2024_11_20_11_57_46_358.jpg, C:\Users\caoba\Downloads\simulator-windows-64\IMG\left_2024_11_20_11_57_46_358.jpg, C:\Users\caoba\Downloads\simulator-windows-64\IMG\right_2024_11_20_11_57_46_358.jpg, 0, 0, 0, 7.826363E-05
C:\Users\caoba\Downloads\simulator-windows-64\IMG\center_2024_11_20_11_57_46_472.jpg, C:\Users\caoba\Downloads\simulator-windows-64\IMG\left_2024_11_20_11_57_46_472.jpg, C:\Users\caoba\Downloads\simulator-windows-64\IMG\right_2024_11_20_11_57_46_472.jpg, 0, 0, 0, 7.897665E-05
C:\Users\caoba\Downloads\simulator-windows-64\IMG\center_2024_11_20_11_57_46_589.jpg, C:\Users\caoba\Downloads\simulator-windows-64\IMG\left_2024_11_20_11_57_46_589.jpg, C:\Users\caoba\Downloads\simulator-windows-64\IMG\right_2024_11_20_11_57_46_589.jpg, 0, 0, 0, 7.811979E-05
C:\Users\caoba\Downloads\simulator-windows-64\IMG\center_2024_11_20_11_57_46_703.jpg, C:\Users\caoba\Downloads\simulator-windows-64\IMG\left_2024_11_20_11_57_46_703.jpg, C:\Users\caoba\Downloads\simulator-windows-64\IMG\right_2024_11_20_11_57_46_703.jpg, 0, 0, 0, 7.788977E-05
C:\Users\caoba\Downloads\simulator-windows-64\IMG\center_2024_11_20_11_57_46_826.jpg, C:\Users\caoba\Downloads\simulator-windows-64\IMG\left_2024_11_20_11_57_46_826.jpg, C:\Users\caoba\Downloads\simulator-windows-64\IMG\right_2024_11_20_11_57_46_826.jpg, 0, 0, 0, 7.842469E-05
C:\Users\caoba\Downloads\simulator-windows-64\IMG\center_2024_11_20_11_57_46_948.jpg, C:\Users\caoba\Downloads\simulator-windows-64\IMG\left_2024_11_20_11_57_46_948.jpg, C:\Users\caoba\Downloads\simulator-windows-64\IMG\right_2024_11_20_11_57_46_948.jpg, 0, 0, 0, 7.844706E-05
C:\Users\caoba\Downloads\simulator-windows-64\IMG\center_2024_11_20_11_57_47_070.jpg, C:\Users\caoba\Downloads\simulator-windows-64\IMG\left_2024_11_20_11_57_47_070.jpg, C:\Users\caoba\Downloads\simulator-windows-64\IMG\right_2024_11_20_11_57_47_070.jpg, 0, 0, 0, 7.795657E-05
C:\Users\caoba\Downloads\simulator-windows-64\IMG\center_2024_11_20_11_57_47_179.jpg, C:\Users\caoba\Downloads\simulator-windows-64\IMG\left_2024_11_20_11_57_47_179.jpg, C:\Users\caoba\Downloads\simulator-windows-64\IMG\right_2024_11_20_11_57_47_179.jpg, 0, 0, 0, 7.832475E-05
C:\Users\caoba\Downloads\simulator-windows-64\IMG\center_2024_11_20_11_57_47_285.jpg, C:\Users\caoba\Downloads\simulator-windows-64\IMG\left_2024_11_20_11_57_47_285.jpg, C:\Users\caoba\Downloads\simulator-windows-64\IMG\right_2024_11_20_11_57_47_285.jpg, 0, 0, 0, 7.87095E-05
C:\Users\caoba\Downloads\simulator-windows-64\IMG\center_2024_11_20_11_57_47_391.jpg, C:\Users\caoba\Downloads\simulator-windows-64\IMG\left_2024_11_20_11_57_47_391.jpg, C:\Users\caoba\Downloads\simulator-windows-64\IMG\right_2024_11_20_11_57_47_391.jpg, 0, 0, 0, 7.823461E-05
C:\Users\caoba\Downloads\simulator-windows-64\IMG\center_2024_11_20_11_57_47_508.jpg, C:\Users\caoba\Downloads\simulator-windows-64\IMG\left_2024_11_20_11_57_47_508.jpg, C:\Users\caoba\Downloads\simulator-windows-64\IMG\right_2024_11_20_11_57_47_508.jpg, 0, 0, 0, 7.787237E-05
C:\Users\caoba\Downloads\simulator-windows-64\IMG\center_2024_11_20_11_57_47_614.jpg, C:\Users\caoba\Downloads\simulator-windows-64\IMG\left_2024_11_20_11_57_47_614.jpg, C:\Users\caoba\Downloads\simulator-windows-64\IMG\right_2024_11_20_11_57_47_614.jpg, 0, 0, 0, 7.990556E-05
C:\Users\caoba\Downloads\simulator-windows-64\IMG\center_2024_11_20_11_57_47_725.jpg, C:\Users\caoba\Downloads\simulator-windows-64\IMG\left_2024_11_20_11_57_47_725.jpg, C:\Users\caoba\Downloads\simulator-windows-64\IMG\right_2024_11_20_11_57_47_725.jpg, 0, 0, 0, 7.90263E-05
C:\Users\caoba\Downloads\simulator-windows-64\IMG\center_2024_11_20_11_57_47_836.jpg, C:\Users\caoba\Downloads\simulator-windows-64\IMG\left_2024_11_20_11_57_47_836.jpg, C:\Users\caoba\Downloads\simulator-windows-64\IMG\right_2024_11_20_11_57_47_836.jpg, 0, 0, 0, 7.787684E-05
C:\Users\caoba\Downloads\simulator-windows-64\IMG\center_2024_11_20_11_57_47_944.jpg, C:\Users\caoba\Downloads\simulator-windows-64\IMG\left_2024_11_20_11_57_47_944.jpg, C:\Users\caoba\Downloads\simulator-windows-64\IMG\right_2024_11_20_11_57_47_944.jpg, 0, 0, 0, 7.783256E-05
C:\Users\caoba\Downloads\simulator-windows-64\IMG\center_2024_11_20_11_57_48_062.jpg, C:\Users\caoba\Downloads\simulator-windows-64\IMG\left_2024_11_20_11_57_48_062.jpg, C:\Users\caoba\Downloads\simulator-windows-64\IMG\right_2024_11_20_11_57_48_062.jpg, 0, 0, 0, 7.792019E-05
C:\Users\caoba\Downloads\simulator-windows-64\IMG\center_2024_11_20_11_57_48_175.jpg, C:\Users\caoba\Downloads\simulator-windows-64\IMG\left_2024_11_20_11_57_48_175.jpg, C:\Users\caoba\Downloads\simulator-windows-64\IMG\right_2024_11_20_11_57_48_175.jpg, 0, 0, 0, 7.976341E-05
C:\Users\caoba\Downloads\simulator-windows-64\IMG\center_2024_11_20_11_57_48_286.jpg, C:\Users\caoba\Downloads\simulator-windows-64\IMG\left_2024_11_20_11_57_48_286.jpg, C:\Users\caoba\Downloads\simulator-windows-64\IMG\right_2024_11_20_11_57_48_286.jpg, 0, 0, 0, 8.00665E-05
C:\Users\caoba\Downloads\simulator-windows-64\IMG\center_2024_11_20_11_57_48_398.jpg, C:\Users\caoba\Downloads\simulator-windows-64\IMG\left_2024_11_20_11_57_48_398.jpg, C:\Users\caoba\Downloads\simulator-windows-64\IMG\right_2024_11_20_11_57_48_398.jpg, 0, 0, 0, 8.07616E-05
C:\Users\caoba\Downloads\simulator-windows-64\IMG\center_2024_11_20_11_57_48_513.jpg, C:\Users\caoba\Downloads\simulator-windows-64\IMG\left_2024_11_20_11_57_48_513.jpg, C:\Users\caoba\Downloads\simulator-windows-64\IMG\right_2024_11_20_11_57_48_513.jpg, 0, 0, 0, 7.919759E-05
C:\Users\caoba\Downloads\simulator-windows-64\IMG\center_2024_11_20_11_57_48_634.jpg, C:\Users\caoba\Downloads\simulator-windows-64\IMG\left_2024_11_20_11_57_48_634.jpg, C:\Users\caoba\Downloads\simulator-windows-64\IMG\right_2024_11_20_11_57_48_634.jpg, 0, 0, 0, 7.805935E-05
C:\Users\caoba\Downloads\simulator-windows-64\IMG\center_2024_11_20_11_57_48_735.jpg, C:\Users\caoba\Downloads\simulator-windows-64\IMG\left_2024_11_20_11_57_48_735.jpg, C:\Users\caoba\Downloads\simulator-windows-64\IMG\right_2024_11_20_11_57_48_735.jpg, 0, 0, 0, 7.827789E-05
C:\Users\caoba\Downloads\simulator-windows-64\IMG\center_2024_11_20_11_57_48_855.jpg, C:\Users\caoba\Downloads\simulator-windows-64\IMG\left_2024_11_20_11_57_48_855.jpg, C:\Users\caoba\Downloads\simulator-windows-64\IMG\right_2024_11_20_11_57_48_855.jpg, 0, 0, 0, 7.812351E-05
C:\Users\caoba\Downloads\simulator-windows-64\IMG\center_2024_11_20_11_57_48_977.jpg, C:\Users\caoba\Downloads\simulator-windows-64\IMG\left_2024_11_20_11_57_48_977.jpg, C:\Users\caoba\Downloads\simulator-windows-64\IMG\right_2024_11_20_11_57_48_977.jpg, 0, 0, 0, 7.803631E-05
C:\Users\caoba\Downloads\simulator-windows-64\IMG\center_2024_11_20_11_57_49_098.jpg, C:\Users\caoba\Downloads\simulator-windows-64\IMG\left_2024_11_20_11_57_49_098.jpg, C:\Users\caoba\Downloads\simulator-windows-64\IMG\right_2024_11_20_11_57_49_098.jpg, 0, 0, 0, 7.975173E-05
C:\Users\caoba\Downloads\simulator-windows-64\IMG\center_2024_11_20_11_57_49_211.jpg, C:\Users\caoba\Downloads\simulator-windows-64\IMG\left_2024_11_20_11_57_49_211.jpg, C:\Users\caoba\Downloads\simulator-windows-64\IMG\right_2024_11_20_11_57_49_211.jpg, 0, 0, 0, 7.780635E-05
C:\Users\caoba\Downloads\simulator-windows-64\IMG\center_2024_11_20_11_57_49_329.jpg, C:\Users\caoba\Downloads\simulator-windows-64\IMG\left_2024_11_20_11_57_49_329.jpg, C:\Users\caoba\Downloads\simulator-windows-64\IMG\right_2024_11_20_11_57_49_329.jpg, 0, 0, 0, 7.841479E-05
C:\Users\caoba\Downloads\simulator-windows-64\IMG\center_2024_11_20_11_57_49_445.jpg, C:\Users\caoba\Downloads\simulator-windows-64\IMG\left_2024_11_20_11_57_49_445.jpg, C:\Users\caoba\Downloads\simulator-windows-64\IMG\right_2024_11_20_11_57_49_445.jpg, 0, 0, 0, 7.807611E-05
C:\Users\caoba\Downloads\simulator-windows-64\IMG\center_2024_11_20_11_57_49_552.jpg, C:\Users\caoba\Downloads\simulator-windows-64\IMG\left_2024_11_20_11_57_49_552.jpg, C:\Users\caoba\Downloads\simulator-windows-64\IMG\right_2024_11_20_11_57_49_552.jpg, 0, 0, 0, 7.823736E-05
C:\Users\caoba\Downloads\simulator-windows-64\IMG\center_2024_11_20_11_57_49_660.jpg, C:\Users\caoba\Downloads\simulator-windows-64\IMG\left_2024_11_20_11_57_49_660.jpg, C:\Users\caoba\Downloads\simulator-windows-64\IMG\right_2024_11_20_11_57_49_660.jpg, 0, 0, 0, 7.801886E-05
C:\Users\caoba\Downloads\simulator-windows-64\IMG\center_2024_11_20_11_57_49_762.jpg, C:\Users\caoba\Downloads\simulator-windows-64\IMG\left_2024_11_20_11_57_49_762.jpg, C:\Users\caoba\Downloads\simulator-windows-64\IMG\right_2024_11_20_11_57_49_762.jpg, 0, 0, 0, 7.839273E-05
C:\Users\caoba\Downloads\simulator-windows-64\IMG\center_2024_11_20_11_57_49_885.jpg, C:\Users\caoba\Downloads\simulator-windows-64\IMG\left_2024_11_20_11_57_49_885.jpg, C:\Users\caoba\Downloads\simulator-windows-64\IMG\right_2024_11_20_11_57_49_885.jpg, 0, 0, 0, 7.803491E-05
C:\Users\caoba\Downloads\simulator-windows-64\IMG\center_2024_11_20_11_57_50_003.jpg, C:\Users\caoba\Downloads\simulator-windows-64\IMG\left_2024_11_20_11_57_50_003.jpg, C:\Users\caoba\Downloads\simulator-windows-64\IMG\right_2024_11_20_11_57_50_003.jpg, 0, 0, 0, 7.867629E-05
C:\Users\caoba\Downloads\simulator-windows-64\IMG\center_2024_11_20_11_57_50_125.jpg, C:\Users\caoba\Downloads\simulator-windows-64\IMG\left_2024_11_20_11_57_50_125.jpg, C:\Users\caoba\Downloads\simulator-windows-64\IMG\right_2024_11_20_11_57_50_125.jpg, 0, 0, 0, 7.797599E-05
C:\Users\caoba\Downloads\simulator-windows-64\IMG\center_2024_11_20_11_57_50_229.jpg, C:\Users\caoba\Downloads\simulator-windows-64\IMG\left_2024_11_20_11_57_50_229.jpg, C:\Users\caoba\Downloads\simulator-windows-64\IMG\right_2024_11_20_11_57_50_229.jpg, 0, 0, 0, 7.797017E-05
C:\Users\caoba\Downloads\simulator-windows-64\IMG\center_2024_11_20_11_57_50_338.jpg, C:\Users\caoba\Downloads\simulator-windows-64\IMG\left_2024_11_20_11_57_50_338.jpg, C:\Users\caoba\Downloads\simulator-windows-64\IMG\right_2024_11_20_11_57_50_338.jpg, 0, 0, 0, 7.977187E-05
C:\Users\caoba\Downloads\simulator-windows-64\IMG\center_2024_11_20_11_57_50_441.jpg, C:\Users\caoba\Downloads\simulator-windows-64\IMG\left_2024_11_20_11_57_50_441.jpg, C:\Users\caoba\Downloads\simulator-windows-64\IMG\right_2024_11_20_11_57_50_441.jpg, 0, 0, 0, 7.780288E-05
C:\Users\caoba\Downloads\simulator-windows-64\IMG\center_2024_11_20_11_57_50_549.jpg, C:\Users\caoba\Downloads\simulator-windows-64\IMG\left_2024_11_20_11_57_50_549.jpg, C:\Users\caoba\Downloads\simulator-windows-64\IMG\right_2024_11_20_11_57_50_549.jpg, 0, 0, 0, 7.882397E-05
C:\Users\caoba\Downloads\simulator-windows-64\IMG\center_2024_11_20_11_57_50_654.jpg, C:\Users\caoba\Downloads\simulator-windows-64\IMG\left_2024_11_20_11_57_50_654.jpg, C:\Users\caoba\Downloads\simulator-windows-64\IMG\right_2024_11_20_11_57_50_654.jpg, 0, 0, 0, 7.767259E-05
C:\Users\caoba\Downloads\simulator-windows-64\IMG\center_2024_11_20_11_57_50_772.jpg, C:\Users\caoba\Downloads\simulator-windows-64\IMG\left_2024_11_20_11_57_50_772.jpg, C:\Users\caoba\Downloads\simulator-windows-64\IMG\right_2024_11_20_11_57_50_772.jpg, 0, 0, 0, 7.800887E-05
C:\Users\caoba\Downloads\simulator-windows-64\IMG\center_2024_11_20_11_57_50_873.jpg, C:\Users\caoba\Downloads\simulator-windows-64\IMG\left_2024_11_20_11_57_50_873.jpg, C:\Users\caoba\Downloads\simulator-windows-64\IMG\right_2024_11_20_11_57_50_873.jpg, 0, 0, 0, 7.885803E-05
C:\Users\caoba\Downloads\simulator-windows-64\IMG\center_2024_11_20_11_57_50_980.jpg, C:\Users\caoba\Downloads\simulator-windows-64\IMG\left_2024_11_20_11_57_50_980.jpg, C:\Users\caoba\Downloads\simulator-windows-64\IMG\right_2024_11_20_11_57_50_980.jpg, 0, 0, 0, 7.809254E-05
C:\Users\caoba\Downloads\simulator-windows-64\IMG\center_2024_11_20_11_57_51_085.jpg, C:\Users\caoba\Downloads\simulator-windows-64\IMG\left_2024_11_20_11_57_51_085.jpg, C:\Users\caoba\Downloads\simulator-windows-64\IMG\right_2024_11_20_11_57_51_085.jpg, 0, 0, 0, 7.901E-05
